Row,WishlistID,ISBN
1,1,978-0-14-103614-4
2,1,978-0-06-112008-4
3,1,978-0-553-21311-6
4,2,978-0-06-112008-5
5,2,978-0-451-52493-5
6,2,978-0-7434-9271-5
7,3,978-0-330-25864-8
8,3,978-0-553-38516-1
9,3,978-0-452-28425-8
10,3,978-0-307-47640-1
11,3,978-0-553-21461-8
12,3,978-0-14-312639-3
13,4,978-0-440-53603-6
14,4,978-0-345-47699-1
15,4,978-0-553-21461-8
16,4,978-0-679-72126-2
17,4,978-0-553-21311-6
18,5,978-0-553-21311-6
19,5,978-0-452-28423-4
20,5,978-0-14-312639-3
21,5,978-0-451-52494-2
22,5,978-0-345-47699-1
23,5,978-0-307-47640-1
24,6,978-0-330-25864-8
25,6,978-0-375-50190-9
26,6,978-0-307-47640-1
27,6,978-0-451-52494-2